Category,Average Readability Score
Finance & Business,0.49095210368010644
Science & Technology,0.4786787912527188
Software Development,0.4940040297616492
Education & Jobs,0.47733299856157874
Health,0.4826162075046615
Literature,0.4657119008720351
History,0.4746741271381708
Hardware,0.4925758138802865
Industrial,0.4764496262930731
Art & Design,0.4983810431313774
Games,0.48515245266209617
Crime & Law,0.47547693553871845
Entertainment,0.47982913758546675
Sports & Fitness,0.45562437488727475
Software,0.5033045517535444
Transportation,0.4615869280391224
Religion,0.4667847626855621
Home & Hobbies,0.467061417150324
Travel,0.47078567336375665
Food & Dining,0.47554632716045886
Fashion & Beauty,0.48099717798394226
Social Life,0.49398626815276014
