Language,Average Comprehensiveness Score
zh,0.4384264190740016
en,0.43039581172805647
