Language,Average Insight Score
zh,0.462095944317865
en,0.44758841863923576
