Language,Average Instruction Following Score
zh,0.49765701163313353
en,0.4822838941332693
