Language,Average Overall Score
zh,0.4697019518916777
en,0.45459823773705343
