Language,Average Readability Score
zh,0.48804336758013533
en,0.4762619547578094
